region,country,country-iso,full-name,url
Europe,Greece,GR,Alpha Bank  Computer Security Incident Response Team,https://www.first.org/members/teams/ab-csirt
Europe,Czechia,CZ,Accenture Cyber Fusion Center,https://www.first.org/members/teams/accenture
Central America,Costa Rica,CR,Access Now Digital Security Helpline,https://www.first.org/members/teams/access_now_digital_security_helpline
Europe,Spain,ES,Ackcent CERT,https://www.first.org/members/teams/ackcert
Europe,Austria,AT,ACOnet-CERT,https://www.first.org/members/teams/aconet-cert
North America,United States of America (the),US,Acuity Brands Product Security Incident Response Team,https://www.first.org/members/teams/acuity_brands_psirt
Middle East,United Arab Emirates (the),AE,Abu Dhabi Government Computer Emergency Response Team,https://www.first.org/members/teams/adgovcert
Europe,Germany,DE,adidas Cyber Security Incident Response Team,https://www.first.org/members/teams/adidas_csirt
North America,United States of America (the),US,Adobe Product Security Incident Response Team,https://www.first.org/members/teams/adobe_psirt
Middle East,United Arab Emirates (the),AE,Abu Dhabi Police CERT,https://www.first.org/members/teams/adpcert
Europe,Austria,AT,Austrian Energy CERT,https://www.first.org/members/teams/aec
Middle East,United Arab Emirates (the),AE,The United Arab Emirates - Computer Emergency Response Team,https://www.first.org/members/teams/aecert
Europe,Europe,EU,Airbus CERT,https://www.first.org/members/teams/ai_cert
North America,United States of America (the),US,Airbnb DART CSIRT,https://www.first.org/members/teams/airbnb_dart_csirt
Europe,Germany,DE,Airbus Cybersecurity and Computer Security Incident Response Team,https://www.first.org/members/teams/airbus_cybersecurity_and_csirt
Europe,Czechia,CZ,CSIRT ALEF NULA a.s.,https://www.first.org/members/teams/alef-csirt
Europe,France,FR,Axians Cybersecurity Paris,https://www.first.org/members/teams/alliacert
North America,United States of America (the),US,Amazon Security Incident Response Team,https://www.first.org/members/teams/amazon_sirt
Europe,Romania,RO,Amgen Global Information Protection,https://www.first.org/members/teams/amgngip
North America,United States of America (the),US,Apple Computer,https://www.first.org/members/teams/apple
Asia,Korea (the Republic of),KR,AhnLab Security E-response Center,https://www.first.org/members/teams/asec
Asia,China,CN,Alibaba Security Response Center,https://www.first.org/members/teams/asrc
Asia,Singapore,SG,A*STAR CERT TEAM,https://www.first.org/members/teams/astar_cert
North America,United States of America (the),US,AT&amp;T,https://www.first.org/members/teams/at-t
Oceania,Australia,AU,Australian Computer Emergency Response Team,https://www.first.org/members/teams/auscert
Oceania,Australia,AU,Australian Cyber Security Centre,https://www.first.org/members/teams/australian_cyber_security_centre
Europe,France,FR,AXA Global Security Incident Response Team,https://www.first.org/members/teams/axa_cert
Asia,Sri Lanka,LK,Axiata Group Security Operations Center,https://www.first.org/members/teams/axiata_soc
Central America,Mexico,MX,Axtel-CSIRT,https://www.first.org/members/teams/axtel-csirt
South America,Brazil,BR,Axur Csirt,https://www.first.org/members/teams/axur
South America,Argentina,AR,Centro de CiberSeguridad del Gobierno de la Ciudad Autónoma de Buenos Aires,https://www.first.org/members/teams/ba-csirt
North America,United States of America (the),US,Bank of America / Merrill Lynch Computer Incident Response Team,https://www.first.org/members/teams/bac-sirt
North America,United States of America (the),US,Booz Allen Hamilton Cyber Incident Response Team,https://www.first.org/members/teams/bah_cirt
Europe,Germany,DE,Global BASF CERT,https://www.first.org/members/teams/basf_gcert
Europe,Spain,ES,BBVA CERT,https://www.first.org/members/teams/bbva_cert
Europe,Spain,ES,Basque CyberSecurity Centre,https://www.first.org/members/teams/bcsc
Europe,Norway,NO,BDO CERT,https://www.first.org/members/teams/bdo_cert
North America,Canada,CA,Bell Canada Information Security Response / CIRT,https://www.first.org/members/teams/bell_ipcr
Europe,Belgium,BE,BELNET CERT,https://www.first.org/members/teams/belnet_cert
Europe,Norway,NO,Basefarm SIRT,https://www.first.org/members/teams/bf-sirt
Europe,Germany,DE,BFK edv consulting,https://www.first.org/members/teams/bfk
Asia,Bangladesh,BD,Bangladesh e-Government Computer Incident Response Team,https://www.first.org/members/teams/bgd_e-gov_cirt
Europe,Russian Federation (the),RU,BI.ZONE Computer Emergency Response Team,https://www.first.org/members/teams/bi-zone-cert
South America,Ecuador,EC,Blue Hat Cyber Security Incident Response Team,https://www.first.org/members/teams/blue_hat_cert
North America,Canada,CA,BMO InfoSec Incident Response Team,https://www.first.org/members/teams/bmo_isirt
Europe,Germany,DE,BMW Group CSIRT,https://www.first.org/members/teams/bmw
Europe,Germany,DE,Bosch Computer Emergency Response Team,https://www.first.org/members/teams/bosch_cert
North America,United States of America (the),US,Box Security Incident Response Team,https://www.first.org/members/teams/box_sirt
North America,United States of America (the),US,Brocade Security Incident Response Team,https://www.first.org/members/teams/brcdsirt
North America,United States of America (the),US,Bridgewater CIRT,https://www.first.org/members/teams/bridgewater_cirt
Asia,Brunei Darussalam,BN,Brunei Computer Emergency Response Team,https://www.first.org/members/teams/brucert
South America,Colombia,CO,Centro de Operaciones de Seguridad B-SECURE,https://www.first.org/members/teams/bs-csirt
Europe,United Kingdom of Great Britain and Northern Ireland (the),GB,British Telecommunications CERT Co-ordination Centre,https://www.first.org/members/teams/btcertcc
Asia,Bhutan,BT,Bhutan Computer Incident Response Team,https://www.first.org/members/teams/btcirt
Europe,United Kingdom of Great Britain and Northern Ireland (the),GB,The Bunker Security Team,https://www.first.org/members/teams/bunker
Asia,Macao,MO,BoardWare CSIRT,https://www.first.org/members/teams/bw_csirt
South America,Colombia,CO,Cyber Defense Operation Center,https://www.first.org/members/teams/c-doc
Asia,Singapore,SG,C3,https://www.first.org/members/teams/c3-certis
Asia,Kazakhstan,KZ,Center for Analysis and investigation of cyber-attacks,https://www.first.org/members/teams/caica
South America,Brazil,BR,Brazilian Academic and Research Network CSIRT,https://www.first.org/members/teams/cais-rnp
Europe,Spain,ES,CAIXABANK TEAM CSIRT,https://www.first.org/members/teams/caixabank_team_csirt
North America,United States of America (the),US,Security Intelligence Response Team,https://www.first.org/members/teams/capital_group
The Caribbean,Curaçao,CW,CARICERT,https://www.first.org/members/teams/caricert
Europe,Spain,ES,Agència de Ciberseguretat de Catalunya,https://www.first.org/members/teams/catalonia_cert
Oceania,Australia,AU,CBAcert,https://www.first.org/members/teams/cbacert
Europe,Switzerland,CH,upc cablecom security &amp; compliance Team,https://www.first.org/members/teams/cc-sec
North America,Canada,CA,Canadian Centre for Cyber Security,https://www.first.org/members/teams/cccs
Asia,Taiwan (Province of China),TW,CyCarrier Computer Security Incident Response Team,https://www.first.org/members/teams/cccsirt
Europe,Spain,ES,CCN-CERT (Spanish Government National Cryptologic Center - Computer Security Incident Response Team),https://www.first.org/members/teams/ccn-cert
Asia,Japan,JP,Cyber defense institute Incident Response Team,https://www.first.org/members/teams/cdi-cirt
Europe,Germany,DE,CERT BWI,https://www.first.org/members/teams/cert_bwi
Europe,France,FR,CERT CYBERPROTECT,https://www.first.org/members/teams/cert_cyberprotect
Central America,Guatemala,GT,Cyber Seguridad S.A.,https://www.first.org/members/teams/cert_cyberseg
Central America,Mexico,MX,CERT DSI Totalsec,https://www.first.org/members/teams/cert_dsi_totalsec
Oceania,New Zealand,NZ,CERT NZ,https://www.first.org/members/teams/cert_nz
Europe,Spain,ES,CERT OESÍA,https://www.first.org/members/teams/cert_oesia
Europe,Poland,PL,CERT Orange Polska,https://www.first.org/members/teams/cert_opl
Europe,France,FR,CERT Orange Cyberdefense,https://www.first.org/members/teams/cert_orange_cyberdefense
Europe,Poland,PL,CERT PKO Bank Polski,https://www.first.org/members/teams/cert_pko_bp
Europe,Poland,PL,Computer Emergency Response Team Polska,https://www.first.org/members/teams/cert_polska
Europe,Poland,PL,Zespół Reagowania na Incydenty Komputerowe – CERT PSE,https://www.first.org/members/teams/cert_pse
South America,Ecuador,EC,CERT RADICAL ALTERNATIVAS DE AVANZADA ALTRADICALAVAN CIA. LTDA.,https://www.first.org/members/teams/cert_radical
Europe,France,FR,CERT Societe Generale,https://www.first.org/members/teams/cert_sg
Europe,Croatia,HR,CERT team of the Information Systems Security Bureau,https://www.first.org/members/teams/cert_zsis
Europe,France,FR,CERT Credit Agricole,https://www.first.org/members/teams/cert-ag
Europe,Spain,ES,Aiuken Cybersecurity,https://www.first.org/members/teams/cert-aiuken
Central America,Mexico,MX,CERT-ATTMX,https://www.first.org/members/teams/cert-attmx
Europe,Germany,DE,CERT der Bundesagentur für Arbeit,https://www.first.org/members/teams/cert-ba
Europe,France,FR,CERT Banque de France,https://www.first.org/members/teams/cert-bdf
Europe,Germany,DE,CERT-Bund,https://www.first.org/members/teams/cert-bund
Europe,Estonia,EE,CERT Estonia,https://www.first.org/members/teams/cert-ee
Europe,Italy,IT,CERT-ENAV,https://www.first.org/members/teams/cert-enav
Europe,Europe,Europe,Computer Emergency Response Team (CERT-EU) for the EU institutions,https://www.first.org/members/teams/cert-eu
Europe,France,FR,CERT-FR,https://www.first.org/members/teams/cert-fr
Asia,Singapore,SG,Computer Security Incident Response Team CERT-GIB,https://www.first.org/members/teams/cert-gib
Asia,Georgia,GE,CERT Georgia - LEPL. Data Exchange Agency (Ministry of Justice of Georgia),https://www.first.org/members/teams/cert-gov-ge
Europe,Moldova (the Republic of),MD,Cyber Security Center CERT-GOV-MD,https://www.first.org/members/teams/cert-gov-md
Middle East,Israel,IL,Israel National Cyber Event Readiness Team,https://www.first.org/members/teams/cert-il
Asia,India,IN,Indian Computer Emergency Response Team,https://www.first.org/members/teams/cert-in
Europe,Iceland,IS,Computer Incident Response Team Iceland,https://www.first.org/members/teams/cert-is
Europe,France,FR,CERT France Industries,https://www.first.org/members/teams/cert-ist
Europe,Italy,IT,Computer Emergency Readiness Team - Lottomatica,https://www.first.org/members/teams/cert-ltm
Europe,Monaco,MC,CERT MONACO,https://www.first.org/members/teams/cert-mc
Africa,Mauritius,MU,Computer Emergency Response Team of Mauritius,https://www.first.org/members/teams/cert-mu
Central America,Mexico,MX,Centro Especializado en Respuesta Tecnologica de Mexico,https://www.first.org/members/teams/cert-mx
Europe,Switzerland,CH,Swiss Post CERT,https://www.first.org/members/teams/cert-post
Europe,France,FR,CERT-Renater,https://www.first.org/members/teams/cert-renater
Europe,Romania,RO,Romanian National Computer Security Incident Response Team,https://www.first.org/members/teams/cert-ro
Europe,Sweden,SE,CERT-SE,https://www.first.org/members/teams/cert-se
Europe,Ukraine,UA,Computer Emergency Response Team of Ukraine,https://www.first.org/members/teams/cert-ua
Europe,Germany,DE,CERT-VW,https://www.first.org/members/teams/cert-vw
Europe,Luxembourg,LU,Excellium Services CSIRT,https://www.first.org/members/teams/cert-xlm
Europe,Austria,AT,CERT.at,https://www.first.org/members/teams/cert-at
Asia,Azerbaijan,AZ,CERT Azerbaijan,https://www.first.org/members/teams/cert-az
Europe,Belgium,BE,Belgian Federal Cyber Emergency Team,https://www.first.org/members/teams/cert-be
South America,Brazil,BR,Computer Emergency Response Team Brazil,https://www.first.org/members/teams/cert-br
Europe,Belarus,BY,National CERT of Belarus,https://www.first.org/members/teams/cert-by
Asia,Azerbaijan,AZ,Azerbaijan Government CERT,https://www.first.org/members/teams/cert-gov-az
Europe,Croatia,HR,Croatian National CERT,https://www.first.org/members/teams/cert-hr
Europe,Latvia,LV,CERT.LV,https://www.first.org/members/teams/cert-lv
North America,United States of America (the),US,CERT Coordination Center,https://www.first.org/members/teams/cert-cc
Europe,Italy,IT,CERT Banca d’Italia,https://www.first.org/members/teams/certbi
Europe,Germany,DE,Computer Emergency Response Team Bundeswehr,https://www.first.org/members/teams/certbw
Europe,Italy,IT,CERTEGO Incident Response Team,https://www.first.org/members/teams/certego
Middle East,Israel,IL,Israeli Government CERT,https://www.first.org/members/teams/certgovil
South America,Uruguay,UY,Centro Nacional de Respuesta de Incidentes de Seguridad Informatica,https://www.first.org/members/teams/certuy
Asia,Japan,JP,Cyber Force Center,https://www.first.org/members/teams/cfc
Europe,Denmark,DK,Centre For Cyber Security,https://www.first.org/members/teams/cfcs-dk
South America,Colombia,CO,Cybersecurity Government Center and Digital Security CGCSD,https://www.first.org/members/teams/cgcsd
North America,Canada,CA,CGI Advanced Threat Management Team,https://www.first.org/members/teams/cgi_gsoc_atmo
Asia,China,CN,China Mobile Communications Co.,https://www.first.org/members/teams/china_mobile
Asia,Japan,JP,Chubu Electric Power Company Group CSIRT,https://www.first.org/members/teams/chuden-csirt
Africa,Côte d&#39;Ivoire,CI,Cote d'Ivoire Computer Emergency Response Team,https://www.first.org/members/teams/ci_cert
Europe,Spain,ES,Cipher CERT,https://www.first.org/members/teams/cipher_cert
Europe,Luxembourg,LU,CIRCL - Computer Incident Response Center Luxembourg,https://www.first.org/members/teams/circl
Europe,Montenegro,ME,National Montenegrin Computer Incident Response Team,https://www.first.org/members/teams/cirt-me
North America,United States of America (the),US,Cybersecurity and Infrastructure Security Agency,https://www.first.org/members/teams/cisa
North America,United States of America (the),US,Cisco Systems Product Security Incident Response Team,https://www.first.org/members/teams/cisco_psirt
North America,United States of America (the),US,Cisco Systems CSIRT,https://www.first.org/members/teams/cisco_systems
South America,Peru,PE,CLARO PERU Security Incident Response Team,https://www.first.org/members/teams/claro_peru_csirt
South America,Chile,CL,Applied Cryptography and Cybersecurity Laboratory,https://www.first.org/members/teams/clcert
Asia,China,CN,National Computer Network Emergency Response Technical Team / Coordination Center of China,https://www.first.org/members/teams/cncert-cc
Europe,Portugal,PT,Centro Nacional de Cibersegurança,https://www.first.org/members/teams/cncs-cert-pt
Europe,Germany,DE,Commerzbank CERT,https://www.first.org/members/teams/comcert
Europe,France,FR,CERT La Poste,https://www.first.org/members/teams/computer_emergency_response_team-la_poste
Europe,United Kingdom of Great Britain and Northern Ireland (the),GB,Context Information Security Incident Response Team,https://www.first.org/members/teams/context_is
North America,United States of America (the),US,Schneider Electric Corporate Product Cyber Emergency Response Team,https://www.first.org/members/teams/cpcert
North America,United States of America (the),US,CrowdStrike Security Incident Response Team (CSIRT),https://www.first.org/members/teams/crowdstrike
Europe,Spain,ES,CSA Equipo de Seguridad,https://www.first.org/members/teams/csa-csirt
South America,Uruguay,UY,ANTEL's Computer and Telecommunications Security Incident Response Centre,https://www.first.org/members/teams/csirt_antel
Europe,France,FR,Computer Security Incident Response Team BNP Paribas,https://www.first.org/members/teams/csirt_bnp_paribas
South America,Colombia,CO,COMPUTER SECURITY INCIDENT RESPONSE TEAM OF OLIMPIA DIGITAL,https://www.first.org/members/teams/csirt_olimpia
South America,Ecuador,EC,Centro de Respuesta a Incidentes de Ciberseguridad de Telconet,https://www.first.org/members/teams/csirt_telconet
South America,Colombia,CO,Computer Security Incident Response Team of the Colombian Informatics and Telecommunications Chamber,https://www.first.org/members/teams/csirt-ccit
South America,Ecuador,EC,CSIRT-CEDIA,https://www.first.org/members/teams/csirt-cedia
Europe,Spain,ES,Centro de Seguridad TIC de la Comunitat Valenciana,https://www.first.org/members/teams/csirt-cv
Europe,Cyprus,CY,Cyprus National Computer Security Incident Response Team,https://www.first.org/members/teams/csirt-cy
Europe,Germany,DE,Computer Security Incident Response Team - European Central Bank,https://www.first.org/members/teams/csirt-ecb
South America,Ecuador,EC,CSIRT-EPN,https://www.first.org/members/teams/csirt-epn
South America,Colombia,CO,Computer Security Incident Response Team - Empresa de Telecomunicaciones de Bogotá S.A. ESP,https://www.first.org/members/teams/csirt-etb
Europe,Ireland,IE,Computer Security Incident Response Team for Ireland,https://www.first.org/members/teams/csirt-ie
South America,Argentina,AR,YPF COMPUTER SECURITY INCIDENT RESPONSE TEAM,https://www.first.org/members/teams/csirt-ypf
Europe,Czechia,CZ,Czech National CSIRT,https://www.first.org/members/teams/csirt-cz
Europe,Slovakia,SK,Computer Security Incident Response Team Slovakia,https://www.first.org/members/teams/csirt-sk
Africa,Tunisia,TN,CSIRT.TN,https://www.first.org/members/teams/csirt-tn
Europe,Germany,DE,innogy SE Cyber Security Analysis &amp; Incident Response,https://www.first.org/members/teams/csirt-innogy
South America,Argentina,AR,Banelco Computer Security Incident Response Team,https://www.first.org/members/teams/csirtbanelco
South America,Colombia,CO,Response Team Computer Security Incident of the Colombian National Police,https://www.first.org/members/teams/csirtponal
Middle East,Bahrain,BH,CTM360 CIRT,https://www.first.org/members/teams/ctm360
Asia,Japan,JP,CyberAgent Computer Security Incident Response Team,https://www.first.org/members/teams/cyberagent_csirt
North America,United States of America (the),US,Cylance CSIRT,https://www.first.org/members/teams/cylcsirt
Asia,China,CN,Dahua Products Security Incident Response Team,https://www.first.org/members/teams/dahua_psirt
Europe,United Kingdom of Great Britain and Northern Ireland (the),GB,Dentsu Aegis Network CSIRT,https://www.first.org/members/teams/dan_csirt
Asia,cn,China,Beijing Data Star Observatory Co.,https://www.first.org/members/teams/data_star_observatory
Africa,Morocco,MA,Dataprotect-CSIRT,https://www.first.org/members/teams/dataprotect-csirt
Europe,Germany,DE,Deutsche Bahn Cyber Security Incident Response Team,https://www.first.org/members/teams/db_csirt
Asia,Singapore,SG,DBS Computer Emergency Response Team,https://www.first.org/members/teams/dbscert
Europe,Germany,DE,debis Computer Emergency Response Team,https://www.first.org/members/teams/dcert
Europe,United Kingdom of Great Britain and Northern Ireland (the),GB,Diageo CSIRT,https://www.first.org/members/teams/dcsirt
Europe,Netherlands (the),NL,Defensie Computer Emergency Response Team,https://www.first.org/members/teams/defcert
North America,United States of America (the),US,Dell Product Security Incident Response Team,https://www.first.org/members/teams/dell_psirt
Europe,Spain,ES,Deloitte ECC,https://www.first.org/members/teams/deloitte_ecc
Oceania,Australia,AU,Deloitte Australia Cyber Intelligence Centre,https://www.first.org/members/teams/deloitte-cicau
Asia,Japan,JP,DeNA Computer Emergency Response Team,https://www.first.org/members/teams/dena_cert
Europe,Germany,DE,Deutsche Bank Cyber Threat Response Team,https://www.first.org/members/teams/deutsche_bank
Europe,Germany,DE,Deutsche Telekom Group CERT,https://www.first.org/members/teams/deutsche_telekom_cert
Middle East,United Arab Emirates (the),AE,DEWA Cyber Defence Center,https://www.first.org/members/teams/dewa_cyber_defence_center
Europe,Germany,DE,DFN-CERT,https://www.first.org/members/teams/dfn-cert
South America,Colombia,CO,DigiSOC Computer Security Incident Response Team,https://www.first.org/members/teams/digicsirt
North America,United States of America (the),US,DePaul Incident Response Team,https://www.first.org/members/teams/dirt
Europe,Denmark,DK,Danish Computer Security Incident Response Team,https://www.first.org/members/teams/dkcert
Europe,Norway,NO,DNB Cyber Defense Center (IRT),https://www.first.org/members/teams/dnb_cdc
Asia,Japan,JP,DOCOMO Computer Security Incident Response Team,https://www.first.org/members/teams/docomo-csirt
Europe,United Kingdom of Great Britain and Northern Ireland (the),GB,Digital Shadows Security Incident Response Team,https://www.first.org/members/teams/ds-sirt
Asia,Singapore,SG,Defence Science &amp; Technology Agency Computer Security Incident Response Team,https://www.first.org/members/teams/dsta-csirt
Asia,Japan,JP,Deloitte Tohmatsu Computer Incident Response Team,https://www.first.org/members/teams/dt-cirt
Asia,Taiwan (Province of China),TW,Deloitte Taiwan CSIRT,https://www.first.org/members/teams/dttw-csirt
Middle East,United Arab Emirates (the),AE,du Security Incident Response Team,https://www.first.org/members/teams/du_sirt
North America,United States of America (the),US,Duke University and Duke Health,https://www.first.org/members/teams/duke
Europe,Spain,ES,DXC Technology Iberia CSIRT,https://www.first.org/members/teams/dxc_technology_iberia_csirt
Europe,Germany,DE,E.ON Cyber Emergency Response Team,https://www.first.org/members/teams/e-on_cert
North America,United States of America (the),US,eBay Global Information Security Monitoring and Response Team,https://www.first.org/members/teams/ebay_cert
Europe,Europe,EU,EC DIGIT CSIRC,https://www.first.org/members/teams/ec_digit_csirc
Africa,South Africa,ZA,Electronic Communications Security - Computer Security Incident Response Team,https://www.first.org/members/teams/ecs-csirt
Asia,Korea (the Republic of),KR,Education Cyber Security Center,https://www.first.org/members/teams/ecsc
South America,Ecuador,EC,Centro de Respuesta a Incidentes Informáticos de la Agencia de Regulación y Control de las Telecomunicaciones,https://www.first.org/members/teams/ecucert
Africa,Egypt,EG,Egyptian National Computer Emergency Response Team,https://www.first.org/members/teams/eg-cert
Europe,Norway,NO,Nkom EkomCERT,https://www.first.org/members/teams/ekomcert
Europe,Italy,IT,Enel CERT - Cyber Emergency Readiness Team,https://www.first.org/members/teams/enel_cert
Asia,Singapore,SG,Ensign Infosecurity,https://www.first.org/members/teams/ensign_infosecurity
Europe,Spain,ES,Entelgy Innotec CSIRT,https://www.first.org/members/teams/entelgy_innotec_csirt
Asia,Philippines (the),PH,ePLDT Cyber Security Incident Response Team,https://www.first.org/members/teams/epldt_csirt
Europe,Norway,NO,Equinor Computer Security Incident Response Team,https://www.first.org/members/teams/equinor_csirt
Europe,Finland,FI,Ericsson Product Security Incident Response Team,https://www.first.org/members/teams/ericsson_psirt
Europe,Spain,ES,Equipo de Respuesta a Incidentes - Sothis,https://www.first.org/members/teams/eris-cert
Europe,Europe,EU,ESA Computer and Communications Emergency Response Team,https://www.first.org/members/teams/esacert
Europe,Spain,ES,CERT of the Polytechnic University of Catalonia,https://www.first.org/members/teams/escert-upc
Europe,Spain,ES,eSOC Ingenia,https://www.first.org/members/teams/esoc_ingenia
Europe,Spain,ES,CERT – Mando Conjunto de Ciberdefensa,https://www.first.org/members/teams/esp_def_cert
South America,Colombia,CO,Computer Security incident response team of  ETEK International,https://www.first.org/members/teams/etek-csirt
Africa,Ethiopia,ET,Ethiopian Cyber Emergency Readiness and Response Team,https://www.first.org/members/teams/ethio-cert
Middle East,United Arab Emirates (the),AE,ETISALAT Computer Emergency Response,https://www.first.org/members/teams/etisalat-cert
Europe,Spain,ES,EULEN Seguridad-CCSI-CERT,https://www.first.org/members/teams/eulen-ccsi-cert
Europe,Spain,ES,everis CERT,https://www.first.org/members/teams/everis_cert
Asia,China,CN,Eversec Technology Co.,https://www.first.org/members/teams/eversec
Europe,Germany,DE,Evonik CERT,https://www.first.org/members/teams/evonik_cert
North America,Canada,CA,EWA-Canada / Canadian Computer Emergency Response Team,https://www.first.org/members/teams/ewa-canada-cancert
North America,United States of America (the),US,Ernst & Young LLP,https://www.first.org/members/teams/ey
North America,United States of America (the),US,Facebook Security Incident Response,https://www.first.org/members/teams/fb-sir
North America,United States of America (the),US,Fidelity Intelligence Operations CERT,https://www.first.org/members/teams/fidelity_io-cert
Europe,Russian Federation (the),RU,The Financial Sector Computer Emergency Response Team,https://www.first.org/members/teams/fincert
Asia,Japan,JP,Fujitsu Cloud CERT,https://www.first.org/members/teams/fjc-cert
Europe,Sweden,SE,Swedish Armed Forces CERT,https://www.first.org/members/teams/fm_cert
Europe,CERT,gr,Foundation for Research and Technology,https://www.first.org/members/teams/forthcert
North America,Canada,CA,FortiGuard Labs,https://www.first.org/members/teams/fortiguard
North America,United States of America (the),US,Forcepoint Product Security Incident Response Team,https://www.first.org/members/teams/fpsirt
Europe,France,FR,FRANCE MILITARY CERT,https://www.first.org/members/teams/fr-mil-cert
Europe,Austria,AT,FREQUENTIS Security Incident Response Team,https://www.first.org/members/teams/frequentis_sirt
Asia,Japan,JP,Fast Retailing Group Information Security Office,https://www.first.org/members/teams/frg_iso
Asia,Korea (the Republic of),KR,Financial Security Institute - Computer Emergency Response Team,https://www.first.org/members/teams/fsi-cert
Asia,Japan,JP,Fuji Xerox CERT,https://www.first.org/members/teams/fuji_xerox-cert
Europe,Germany,DE,Fujitsu Product Security Incident Response Team,https://www.first.org/members/teams/fujitsu_psirt
Europe,Finland,FI,Funet CERT,https://www.first.org/members/teams/funet_cert
South America,Colombia,CO,Gamma Ingenieros CSOC  - CSIRT,https://www.first.org/members/teams/gammacsoc-csirt
North America,United States of America (the),US,General Dynamics - Mission Systems,https://www.first.org/members/teams/gd-ms
North America,United States of America (the),US,General Electric Computer Incident Response Team,https://www.first.org/members/teams/ge-cirt
Europe,United Kingdom of Great Britain and Northern Ireland (the),GB,GEANT Association,https://www.first.org/members/teams/geant_cert
North America,United States of America (the),US,General Dynamics,https://www.first.org/members/teams/general_dynamics
North America,United States of America (the),US,Google Information Security Team,https://www.first.org/members/teams/gist
The Caribbean,Puerto Rico,PR,GM Security Technologies - Breach Readiness Team,https://www.first.org/members/teams/gmst_brt
Europe,Spain,ES,GMV-CERT,https://www.first.org/members/teams/gmv-cert
Europe,Czechia,CZ,Government CERT of the Czech Republic,https://www.first.org/members/teams/govcert-cz
Asia,Hong Kong,HK,Government Computer Emergency Response Team Hong Kong,https://www.first.org/members/teams/govcert-hk
Europe,Luxembourg,LU,CERT Gouvernemental du Luxembourg,https://www.first.org/members/teams/govcert-lu
Europe,Switzerland,CH,Hacknowledge SA,https://www.first.org/members/teams/hacknowledge
Europe,Sweden,SE,Handelsbanken Security Incident Response Team,https://www.first.org/members/teams/handelsbanken_sirt
Europe,Norway,NO,HelseCERT,https://www.first.org/members/teams/helsecert
North America,United States of America (the),US,Hewlett Packard Enterprise (HPE) PSRT,https://www.first.org/members/teams/hewlett_packard_enterprise-hpe-psrt
Asia,Japan,JP,Hitachi Incident Response Team,https://www.first.org/members/teams/hirt
North America,Canada,CA,Hitachi Systems Security Inc,https://www.first.org/members/teams/hitachi_systems_security
Asia,Hong Kong,HK,Hong Kong Computer Emergency Response Team Coordination Centre,https://www.first.org/members/teams/hkcert
North America,United States of America (the),US,Honeywell Combined Fusion Center,https://www.first.org/members/teams/honeywell_psirt_and_cirt
North America,United States of America (the),US,HP Enterprise Security - Global Security Incident Response Team,https://www.first.org/members/teams/hp_gsirt
North America,United States of America (the),US,HP Inc. Product Security Response Team,https://www.first.org/members/teams/hp_inc-psrt
Europe,United Kingdom of Great Britain and Northern Ireland (the),GB,Cybersecurity Incident Management &amp; Response Team,https://www.first.org/members/teams/hsbc_cybersecurity_imr
Asia,China,CN,Hikvision Security Response Center,https://www.first.org/members/teams/hsrc
Asia,China,CN,Huawei Products Security Incident Response Team,https://www.first.org/members/teams/huawei_psirt
Europe,Spain,ES,IBERDROLA Cyber-Security Incident Response Team,https://www.first.org/members/teams/iberdrola_csirt
North America,United States of America (the),US,IBM,https://www.first.org/members/teams/ibm
Europe,Spain,ES,ICA Sistemas y Seguridad CiberSOC,https://www.first.org/members/teams/ica_sistemas_y_seguridad_cibersoc
North America,United States of America (the),US,Internet Corporation for Assigned Names and Numbers - Computer Incident Response Team,https://www.first.org/members/teams/icann_cirt
South America,Argentina,AR,ICIC-CERT,https://www.first.org/members/teams/icic-cert
Asia,Taiwan (Province of China),TW,Information Communications Research Division - Computer Security Incident Response Team,https://www.first.org/members/teams/icrd-csirt
Asia,Indonesia,ID,Indonesia Security Incident Response Team on Internet Infrastructure coordination centre,https://www.first.org/members/teams/id-sirtii-cc
Asia,Korea (the Republic of),KR,IGLOO SECURITY - Cyber Emergency Response Team,https://www.first.org/members/teams/igloo-cert
Asia,Japan,JP,IIJ Group Security Coordination Team,https://www.first.org/members/teams/iij-sect
Central America,Mexico,MX,Computer Security Incident Response Team – Ikusi México / Micronet de México,https://www.first.org/members/teams/ikusi_csirt
Asia,Japan,JP,Intelli-CSIRT,https://www.first.org/members/teams/il-csirt
Middle East,Israel,IL,Israeli Academic CERT,https://www.first.org/members/teams/ilan-cert
Europe,Spain,ES,INCIBE-CERT (Spanish National Cybersecurity Institute - National CSIRT),https://www.first.org/members/teams/incibe-cert
North America,United States of America (the),US,Informatica Security Incident Reaponse Team,https://www.first.org/members/teams/infa-sirt
Europe,Germany,DE,Infineon Cyber Defense Center,https://www.first.org/members/teams/infineon_cdc
North America,United States of America (the),US,Infoblox PSIRT,https://www.first.org/members/teams/infoblox
Europe,Russian Federation (the),RU,IN4-CERT,https://www.first.org/members/teams/infosecurity_incident_response_team-in4-cert
Europe,Netherlands (the),NL,ING CCERT,https://www.first.org/members/teams/ing_ccert
North America,United States of America (the),US,Intel FIRST Team,https://www.first.org/members/teams/intel_first_team
Asia,Japan,JP,IPA-CERT,https://www.first.org/members/teams/ipa-cert
Central America,Mexico,MX,IQsec Cybersecurity Center,https://www.first.org/members/teams/iqsec_csirt
Asia,Singapore,SG,Infocommunications Singapore Computer Emergency Response Team,https://www.first.org/members/teams/isg-cert
Europe,France,FR,INTERPOL INFORMATION SECURITY INCIDENT RESPONSE,https://www.first.org/members/teams/isirt
Europe,Italy,IT,Intesa Sanpaolo CERT - Computer Emergency Readiness Team,https://www.first.org/members/teams/isp-cert
Europe,United Kingdom of Great Britain and Northern Ireland (the),GB,Barclays Information Security and Privacy,https://www.first.org/members/teams/ispirit
North America,United States of America (the),US,Information Technology Information Sharing and Analysis Center,https://www.first.org/members/teams/it-isac
Europe,Spain,ES,ITS Industrial Cybersecurity CERT,https://www.first.org/members/teams/its-cert
South America,Colombia,CO,IT SECURITY SERVICES S.A.S SOC CSIRT,https://www.first.org/members/teams/itssoc-csirt
South America,Peru,PE,JACKSECURITY IRT &amp; SOC (Security Operation Center) 24x7,https://www.first.org/members/teams/jacksecurity
Europe,United Kingdom of Great Britain and Northern Ireland (the),GB,Janet CSIRT,https://www.first.org/members/teams/janet_csirt
North America,United States of America (the),US,Department of Energy Integrated Joint Cybersecurity Coordination Center,https://www.first.org/members/teams/jc3-circ
North America,United States of America (the),US,Johnson Controls Product Security Incident Response Team,https://www.first.org/members/teams/johnson_controls_psirt
Asia,Japan,JP,JPCERT Coordination Center,https://www.first.org/members/teams/jpcert-cc
North America,United States of America (the),US,JPMorgan Chase Global Cyber Security,https://www.first.org/members/teams/jpmc-gcs
North America,United States of America (the),US,Juniper Networks Security Incident Response Team,https://www.first.org/members/teams/juniper_sirt
Europe,Belgium,BE,KBC Group CERT,https://www.first.org/members/teams/kbc_group_cert
North America,United States of America (the),US,Kimberly-Clark Cyber Security Incident Response Team,https://www.first.org/members/teams/kc-csirt
Asia,Japan,JP,KDDI Computer Security Incident Response Team,https://www.first.org/members/teams/kddi-csirt
Europe,Germany,DE,Karlsruhe Institute of Technology Computer Emergency Response Team,https://www.first.org/members/teams/kit-cert
Asia,Japan,JP,Kakaku.com Security Incident Response Team,https://www.first.org/members/teams/kkcsirt
Asia,Korea (the Republic of),KR,Korea National Computer Emergency Response Team,https://www.first.org/members/teams/kn-cert
Asia,Japan,JP,KONICA MINOLTA PSIRT,https://www.first.org/members/teams/konica_minolta_psirt
Europe,United Kingdom of Great Britain and Northern Ireland (the),GB,KPMG Cyber Response,https://www.first.org/members/teams/kpmg-csirt
Europe,Netherlands (the),NL,Computer Emergency Response Team of KPN,https://www.first.org/members/teams/kpn-cert
Europe,Norway,NO,KraftCERT,https://www.first.org/members/teams/kraftcert
Asia,Korea (the Republic of),KR,KrCERT/CC,https://www.first.org/members/teams/krcert-cc
Europe,Switzerland,CH,Kudelski Security CERT,https://www.first.org/members/teams/ks-cert
Asia,Kazakhstan,KZ,Kazakhstan Computer Emergency Response Team,https://www.first.org/members/teams/kz-cert
Asia,Japan,JP,LAC Advanced Corporate Emergency Readiness Team,https://www.first.org/members/teams/lacert
North America,United States of America (the),US,Lawrence Berkeley National Lab,https://www.first.org/members/teams/lawrence_berkeley_national_lab
North America,Canada,CA,LCL Cyber Command Center,https://www.first.org/members/teams/lcl_cyber_command_center
Europe,Italy,IT,Leonardo Computer Emergency Response Team,https://www.first.org/members/teams/ldo-cert
North America,United States of America (the),US,Leidos - Incident Response Team,https://www.first.org/members/teams/leidos-irt
North America,United States of America (the),US,Lenovo Product Security Incident Response Team,https://www.first.org/members/teams/lenovo_psirt
Asia,Japan,JP,LINE Computer Security Incident Response Team,https://www.first.org/members/teams/line-csirt
Europe,Lithuania,LT,LITNET CERT,https://www.first.org/members/teams/litnet_cert
Europe,Sweden,SE,LiU IRT,https://www.first.org/members/teams/liu_irt
North America,United States of America (the),US,Lockheed Martin Computer Incident Response Team,https://www.first.org/members/teams/lm-cirt
North America,United States of America (the),US,Lookingglass Cyber Solutions Threat Team,https://www.first.org/members/teams/lookingglass_cert
Europe,Germany,DE,Lufthansa Group CERT,https://www.first.org/members/teams/lufthansa_group_cert
Africa,Morocco,MA,Direction de gestion du centre de veille,https://www.first.org/members/teams/macert
South America,Ecuador,EC,MAINTLATAM CSIRT,https://www.first.org/members/teams/maintlatam_csirt
North America,United States of America (the),US,Mandiant/FireEye,https://www.first.org/members/teams/mandiant_security
Europe,Spain,ES,Equipo de Respuesta a incidentes de Seguridad de la Información del CCG de MAPFRE,https://www.first.org/members/teams/mapfre-ccg-cert
Asia,Japan,JP,Mitsui Bussan Secure Directions Security Incident Response Team,https://www.first.org/members/teams/mbsd-sirt
Asia,Singapore,SG,Ministry of Home Affairs,https://www.first.org/members/teams/mha_csc
Europe,Austria,AT,Military Computer Emergency Readiness Team Austria,https://www.first.org/members/teams/milcert_at
Europe,Spain,ES,Minsait CSIRT,https://www.first.org/members/teams/minsait_csirt
Europe,Norway,NO,mnemonic Incident Response Team,https://www.first.org/members/teams/mirt
North America,United States of America (the),US,MarkMonitor,https://www.first.org/members/teams/mm
Asia,Mongolia,MN,Mongolian Cyber Emergency Response Team / Coordination Center,https://www.first.org/members/teams/mncert-cc
Central America,Mexico,MX,Mnemo-CERT,https://www.first.org/members/teams/mnemo-cert
North America,United States of America (the),US,Morgan Stanley Computer Emergency Response Team,https://www.first.org/members/teams/morgan_stanley
Asia,Korea (the Republic of),KR,Ministry Of Trade,https://www.first.org/members/teams/motie-csc
North America,United States of America (the),US,Microsoft Security Response Center Team,https://www.first.org/members/teams/mscert
Europe,Malta,MT,Government of Malta Computer Security Incident Response Team,https://www.first.org/members/teams/mt-csirt
Asia,Japan,JP,Mitsubishi UFJ Financial Group - CERT,https://www.first.org/members/teams/mufg-cert
Europe,Serbia,RS,Centar za reagovanje na napade na informacioni sistem,https://www.first.org/members/teams/mup_cert
Asia,Malaysia,MY,Malaysian Computer Emergency Response Team,https://www.first.org/members/teams/mycert
Europe,United Kingdom of Great Britain and Northern Ireland (the),GB,N-CERT Nettitude Computer Emergency Response Team,https://www.first.org/members/teams/n-cert
Oceania,Australia,AU,National Australia Bank - nabCERT,https://www.first.org/members/teams/nabcert
Europe,United Kingdom of Great Britain and Northern Ireland (the),GB,National Cyber Security Centre (UK),https://www.first.org/members/teams/national_cyber_security_centre-uk
Africa,Kenya,KE,The National Kenya Computer Incident Response Team - Coordination Centre,https://www.first.org/members/teams/national_ke-cirt-cc
Asia,Korea (the Republic of),KR,NAVER Business Platform Computer Security Incident Response Team,https://www.first.org/members/teams/naver-csirt
North America,United States of America (the),US,NBCU-ISRT,https://www.first.org/members/teams/nbcu-isrt
Europe,Belgium,BE,NATO Computer Incident Response Capability - Coordination Center,https://www.first.org/members/teams/ncirc_cc
Europe,Hungary,HU,National Cyber Security Center,https://www.first.org/members/teams/ncsc_hungary
Europe,Finland,FI,National Cyber Security Centre Finland,https://www.first.org/members/teams/ncsc-fi
Europe,Netherlands (the),NL,National Cyber Security Centre of The Netherlands,https://www.first.org/members/teams/ncsc-nl
Europe,Norway,NO,National Cyber Security Centre in Norway,https://www.first.org/members/teams/ncsc-no
Europe,Switzerland,CH,National Cyber Security Centre Switzerland,https://www.first.org/members/teams/ncsc-ch
Asia,Japan,JP,NRI SecureTechnologies Computer Security Incident Response Team,https://www.first.org/members/teams/ncsirt
South America,Brazil,BR,CSIRT of NEC Cibernética Brasil,https://www.first.org/members/teams/nec_cib_csirt
South America,Chile,CL,Neosecure S.A.,https://www.first.org/members/teams/neosecure
Europe,Switzerland,CH,Nestlé Cyber Security Operations Center,https://www.first.org/members/teams/nestlesoc
North America,United States of America (the),US,NetApp Security Incident Response,https://www.first.org/members/teams/netapp_sirt
North America,United States of America (the),US,Netflix Security Intelligence and Response Team,https://www.first.org/members/teams/netflix_sirt
North America,United States of America (the),US,Neustar Computer Incident Response Team,https://www.first.org/members/teams/neucirt
Africa,Nigeria,NG,Nigerian Computer Emergency Response Team,https://www.first.org/members/teams/ngcert
Europe,United Kingdom of Great Britain and Northern Ireland (the),GB,National Grid Cyber Response Team,https://www.first.org/members/teams/ngrid_csirt
North America,United States of America (the),US,NIH Incident Response Team,https://www.first.org/members/teams/nihirt
Asia,Korea (the Republic of),KR,National Information Resources Service Computer Emergency Response Team,https://www.first.org/members/teams/nirs-cert
Asia,Japan,JP,National Center of Incident Readiness and Strategy for Cybersecurity,https://www.first.org/members/teams/nisc
North America,United States of America (the),US,NIST IT Security,https://www.first.org/members/teams/nist
Europe,Lithuania,LT,National Cyber Security Centre under the MoD,https://www.first.org/members/teams/nksc-cert-lt
Europe,Norway,NO,Nordic Financial CERT,https://www.first.org/members/teams/nordic_financial_cert
Europe,Denmark,DK,NORDUnet,https://www.first.org/members/teams/nordunet
South America,Chile,CL,Novared. S. A,https://www.first.org/members/teams/novared
Europe,Lithuania,LT,NRD Cybersecurity Incident Response Team,https://www.first.org/members/teams/nrd_cirt
Asia,Japan,JP,NTT Communications Security Incident Response Team,https://www.first.org/members/teams/ntt_com-sirt
North America,United States of America (the),US,NTT Security Incident Response Services Team,https://www.first.org/members/teams/ntt_security_ir_services_team
Asia,Japan,JP,NTT Computer Security Incident Response and Readiness Coordination Team,https://www.first.org/members/teams/ntt-cert
Asia,Japan,JP,NTTDATA-CERT,https://www.first.org/members/teams/nttdata-cert
North America,United States of America (the),US,Northwestern University,https://www.first.org/members/teams/nu-cert
Asia,Singapore,SG,NUS Computer Emergency Response Team,https://www.first.org/members/teams/nuscert
North America,United States of America (the),US,NVIDIA PSIRT,https://www.first.org/members/teams/nvidia_psirt
Europe,United Kingdom of Great Britain and Northern Ireland (the),GB,O2 Cert,https://www.first.org/members/teams/o2
Middle East,Oman,OM,Oman National CERT,https://www.first.org/members/teams/ocert
Europe,Switzerland,CH,Oneconsult International Computer Security Incident Response Team,https://www.first.org/members/teams/ocint-csirt
North America,United States of America (the),US,World Bank Group Office of Information Security Incident Response,https://www.first.org/members/teams/oisir
Asia,Taiwan (Province of China),TW,Onward Cybersecurity Center,https://www.first.org/members/teams/onward_csc
North America,United States of America (the),US,Oracle Global Product Security,https://www.first.org/members/teams/oracle
Europe,France,FR,Orange-CERT Coordination Center,https://www.first.org/members/teams/orange-cert-cc
Europe,Denmark,DK,Orsted SAC,https://www.first.org/members/teams/orsted_sac
Europe,Switzerland,CH,Open Systems AG Computer Emergency Response Team,https://www.first.org/members/teams/os-cert
Asia,China,CN,OPPO Security Response Center,https://www.first.org/members/teams/osrc
North America,United States of America (the),US,The Ohio State University Incident Response Team,https://www.first.org/members/teams/osu-irt
Europe,Portugal,PT,OutSystems Computer Security Incident Response Team,https://www.first.org/members/teams/outsystems_csirt
Europe,United Kingdom of Great Britain and Northern Ireland (the),GB,Oxford University Computer Emergency Response Team,https://www.first.org/members/teams/oxcert
Europe,United Kingdom of Great Britain and Northern Ireland (the),GB,Portcullis Computer Incident Response and Forensics Team,https://www.first.org/members/teams/p-cirf
North America,United States of America (the),US,PAN PSIRT/CSIRT,https://www.first.org/members/teams/palo_alto_networks_security_incident_response_team
Asia,Japan,JP,Panasonic Product Security Incident Response Team,https://www.first.org/members/teams/panasonic_psirt
North America,United States of America (the),US,PayPal Global Security Incident Response Team,https://www.first.org/members/teams/paypal_gsirt
North America,United States of America (the),US,Packet Clearing House,https://www.first.org/members/teams/pch
North America,United States of America (the),US,PepsiCo Global Threat Management &amp; Response,https://www.first.org/members/teams/pepsico
Europe,Poland,PL,PGE-CERT,https://www.first.org/members/teams/pge-cert
Europe,Italy,IT,CERT Poste Italiane,https://www.first.org/members/teams/pi-cert
Europe,Germany,DE,PRE-CERT,https://www.first.org/members/teams/pre-cert
Europe,Belgium,BE,Proximus Cyber Security Incident Response Team,https://www.first.org/members/teams/pxs-csirt
Middle East,Qatar,QA,Qatar CERT,https://www.first.org/members/teams/q-cert
Asia,China,CN,Qi An Xin Group,https://www.first.org/members/teams/qi_an_xin_cert
Asia,Taiwan (Province of China),TW,QNAP Systems Product Security Incident Response Team,https://www.first.org/members/teams/qnap_psirt
Europe,Austria,AT,Raiffeisen Informatik CERT,https://www.first.org/members/teams/r-it_cert
Europe,Netherlands (the),NL,Rabobank Cyber Defense Centre,https://www.first.org/members/teams/rabobank_cdc
Asia,Japan,JP,Rakuten-CERT,https://www.first.org/members/teams/rakuten-cert
North America,United States of America (the),US,Raytheon Computer Emergency Response Team,https://www.first.org/members/teams/raycert
Europe,Portugal,PT,RCTS CERT,https://www.first.org/members/teams/rcts_cert
Asia,Japan,JP,Recruit Cyber Security Incident Response Team,https://www.first.org/members/teams/recruit-csirt
North America,United States of America (the),US,Red Hat Product Security,https://www.first.org/members/teams/red_hat_product_security
Europe,Spain,ES,RedIRIS,https://www.first.org/members/teams/rediris
Europe,Sweden,SE,Region Stockholm CERT,https://www.first.org/members/teams/region_stockholm_cert
Europe,Spain,ES,RENFE-Operadora,https://www.first.org/members/teams/renfe
Europe,Spain,ES,REPSOL CERT,https://www.first.org/members/teams/repsol_cert
North America,United States of America (the),US,Red Hat Information Security Incident Response Team,https://www.first.org/members/teams/rh-isirt
Europe,Switzerland,CH,Richemont CSIRT,https://www.first.org/members/teams/ric-csirt
Asia,Japan,JP,Ricoh Product Security Incident Response Team,https://www.first.org/members/teams/ricoh_psirt
North America,Canada,CA,Research In Motion,https://www.first.org/members/teams/rim_cs-isoc
North America,United States of America (the),US,RiskIQ Incident,https://www.first.org/members/teams/riskiq_i3
North America,United States of America (the),US,Rockwell Automation CSIRT,https://www.first.org/members/teams/rockwell_automation_csirt
Europe,Romania,RO,Agency ARNIEC RoEduNet Computer Security Incident Response Team,https://www.first.org/members/teams/rocsirt
Europe,Russian Federation (the),RU,Computer Security Incident Response Team RU-CERT,https://www.first.org/members/teams/ru-cert
Europe,Germany,DE,Stabsstelle DV-Sicherheit der Universitaet Stuttgart,https://www.first.org/members/teams/rus-cert
Europe,Germany,DE,CERT of the German Savings Banks Organization,https://www.first.org/members/teams/s-cert
Oceania,New Zealand,NZ,Spark Security Incident Response Team,https://www.first.org/members/teams/s-sirt
Europe,Spain,ES,S2 Grupo CERT,https://www.first.org/members/teams/s2_grupo_cert
Europe,Spain,ES,S21sec CERT,https://www.first.org/members/teams/s21sec_cert
Africa,South Africa,ZA,The South African NREN Computer Security Incident Response Team,https://www.first.org/members/teams/sa_nren_csirt
Asia,Singapore,SG,Singapore Armed Forces Computer Emergency Response Team,https://www.first.org/members/teams/safcert
North America,United States of America (the),US,Salesforce.com Computer Security Incident Response Team,https://www.first.org/members/teams/salesforce_csirt
Europe,Spain,ES,Santander Global CERT,https://www.first.org/members/teams/santander_global_cert
Europe,Germany,DE,SAP Cybersecurity,https://www.first.org/members/teams/sap_cybersecurity
North America,United States of America (the),US,SAS PSIRT,https://www.first.org/members/teams/sas_psirt
Middle East,Saudi Arabia,SA,Saudi Aramco CTI,https://www.first.org/members/teams/saudi_aramco
Middle East,Saudi Arabia,SA,Saudi CERT,https://www.first.org/members/teams/saudi_cert
Africa,South Africa,ZA,Standard Bank Group CSIRT,https://www.first.org/members/teams/sbg_csirt
Asia,Malaysia,MY,Standard Chartered Cyber Defence Centre,https://www.first.org/members/teams/sc_cdc
Central America,Mexico,MX,Scitum Cyber Security Incident Response Team,https://www.first.org/members/teams/scitum-cert
Asia,Japan,JP,SECOM Computer Security Incident Response Team,https://www.first.org/members/teams/secom-csirt
Europe,Germany,DE,SECUNET CERT,https://www.first.org/members/teams/secu-cert
Asia,Singapore,SG,Singapore Government IT Security Incident Response Team,https://www.first.org/members/teams/sg-gitsir
South America,Colombia,CO,ShieldNow,https://www.first.org/members/teams/shieldnow
Europe,Slovenia,SI,Slovenian CERT,https://www.first.org/members/teams/si-cert
Europe,Spain,ES,SIA-CEC CERT,https://www.first.org/members/teams/sia-cec_cert
Europe,Netherlands (the),NL,SIDN Computer Security Incident Response Team,https://www.first.org/members/teams/sidn_csirt
Europe,Germany,DE,Siemens CERT,https://www.first.org/members/teams/siemens-cert
Asia,Singapore,SG,Singapore CERT,https://www.first.org/members/teams/singcert
Oceania,Australia,AU,Security Incident Response Control Center,https://www.first.org/members/teams/sircc
Central America,Guatemala,GT,SISAP-CERT,https://www.first.org/members/teams/sisap-cert
Europe,Slovakia,SK,Slovak Computer Emergency Response Team,https://www.first.org/members/teams/sk-cert
Asia,Korea (the Republic of),KR,SKInforsec Computer Incident Response Team,https://www.first.org/members/teams/skinfosec_cirt
South America,Colombia,CO,Security Operations Center Team Claro Colombia,https://www.first.org/members/teams/soc_team_claro_colombia
South America,Colombia,CO,Security Operations Center - Cyber Operations Command Joint,https://www.first.org/members/teams/soc-ccoc
Asia,Japan,JP,SoftBank Computer Security Incident Response Team,https://www.first.org/members/teams/softbank_csirt
Asia,Japan,JP,Sony Product Security Incident Response Team,https://www.first.org/members/teams/sony_psirt
Europe,Norway,NO,SpareBank 1 Incident Response Team,https://www.first.org/members/teams/sparebank_1_irt
Europe,Serbia,RS,National CERT of the Republic of Serbia,https://www.first.org/members/teams/srb-cert
Asia,Sri Lanka,LK,Sri Lanka Computer Emergency Readiness Team|Coordination Center,https://www.first.org/members/teams/sri_lanka_cert-cc
South America,Peru,PE,SecureSoftCorp-Computer Security Incident Response Team,https://www.first.org/members/teams/sscorp-csirt
Middle East,Saudi Arabia,SA,Digital Forensic and Incident Response,https://www.first.org/members/teams/stc_dfir
Africa,Sudan,SD,Sudan Computer Emergency Response Team,https://www.first.org/members/teams/sudan-cert
Europe,Sweden,SE,SUNET CERT,https://www.first.org/members/teams/sunet_cert
Europe,Netherlands (the),NL,SURFcert,https://www.first.org/members/teams/surfcert
North America,United States of America (the),US,Sonicwall PSIRT,https://www.first.org/members/teams/sw_psirt
Europe,Switzerland,CH,Swisscom CSIRT,https://www.first.org/members/teams/swisscom_csirt
Europe,Switzerland,CH,SWITCH-CERT,https://www.first.org/members/teams/switch-cert
North America,United States of America (the),US,SecureWorks Computer Emergency Response Team,https://www.first.org/members/teams/swrx_cert
North America,United States of America (the),US,Symantec Computer Emergency Response Team,https://www.first.org/members/teams/symcert
Asia,Taiwan (Province of China),TW,Synology Product Security Incident Response Team,https://www.first.org/members/teams/synology_psirt
North America,United States of America (the),US,Target Cyber Fusion Center Computer Security Incident Response Team,https://www.first.org/members/teams/target_cfc_csirt
Europe,Norway,NO,The Norwegian Tax Administration Operational Security Team,https://www.first.org/members/teams/tax-irt
Asia,Thailand,TH,Thailand Banking Sector CERT,https://www.first.org/members/teams/tb-cert
Europe,Norway,NO,Telenor CERT,https://www.first.org/members/teams/tcert
North America,Canada,CA,TDBFG Computer Security Incident Response Team,https://www.first.org/members/teams/tdbfg_csirt
Europe,Denmark,DK,TDC Security Operations Center,https://www.first.org/members/teams/tdc_soc
North America,United States of America (the),US,Team Cymru,https://www.first.org/members/teams/team_cymru
Asia,Sri Lanka,LK,TechCERT,https://www.first.org/members/teams/techcert
Europe,Spain,ES,Telefonica CSIRT,https://www.first.org/members/teams/telefonica-csirt
Europe,Sweden,SE,Telia Company CERT,https://www.first.org/members/teams/teliacert
Oceania,Australia,AU,Telstra Computer Emergency Response Team,https://www.first.org/members/teams/telstra_t-cert
Asia,Japan,JP,TEPCO Security Incident Response Team,https://www.first.org/members/teams/tepco-sirt
South America,Peru,PE,TERIS Telefonica Security Incidents Response Team,https://www.first.org/members/teams/teris
Europe,Italy,IT,Computer Emergency Readiness Team - Terna,https://www.first.org/members/teams/terna-cert
Asia,Thailand,TH,Thailand Computer Emergency Response Team,https://www.first.org/members/teams/thaicert
Central America,Mexico,MX,TIC DEFENSE-CERT,https://www.first.org/members/teams/tic_defense-cert
North America,United States of America (the),US,Texas Instruments Security Operations Center,https://www.first.org/members/teams/tisoc
Europe,Germany,DE,thyssenkrupp CERT,https://www.first.org/members/teams/tk_cert
Asia,Taiwan (Province of China),TW,Trend Micro CSIRT,https://www.first.org/members/teams/tm-csirt
Asia,Japan,JP,TOSHIBA Security Incident Response Team,https://www.first.org/members/teams/toshiba-sirt
Europe,Turkey,TR,National Cyber Security Incident Response Team,https://www.first.org/members/teams/tr-cert
Asia,Singapore,SG,Trustwave SG SOC Cyber Security Incident Response Team,https://www.first.org/members/teams/trustwave_sg_soc_csirt
Asia,Kazakhstan,KZ,Transtelecom Computer Security Incident Response Team,https://www.first.org/members/teams/ttc-csirt
Africa,Tunisia,TN,Tunisian Computer Emergency Response Team,https://www.first.org/members/teams/tuncert
Africa,Tunisia,TN,Tunisian FinancialCERT,https://www.first.org/members/teams/tunisian_financialcert
Europe,Turkey,TR,Turkcell Cyber Defence Center Team,https://www.first.org/members/teams/turkcell_cdc
Europe,Turkey,TR,Turkcell Security Operation Center team,https://www.first.org/members/teams/turkcell_soc
Asia,Taiwan (Province of China),TW,Taiwan Computer Emergency Response Team/Coordination Center,https://www.first.org/members/teams/twcert-cc
Asia,Taiwan (Province of China),TW,Taiwan Computer Security Incident Response Team,https://www.first.org/members/teams/twcsirt
Asia,Taiwan (Province of China),TW,Taiwan National Computer Emergency Response Team,https://www.first.org/members/teams/twncert
Africa,Tanzania,TZ,TZ-CERT,United Republic of
North America,United States of America (the),US,UB-First,https://www.first.org/members/teams/ub-first
Europe,Switzerland,CH,Cybercrime Intelligence &amp; Forensic Investigation,https://www.first.org/members/teams/ubs_cifi
Europe,XK,Kosovo,Computer Emergency Response Team of UBT,https://www.first.org/members/teams/ubt-cert
North America,United States of America (the),US,Unisys CERT,https://www.first.org/members/teams/ucert
Africa,South Africa,ZA,University of Cape Town Computer Security Incident Response Team,https://www.first.org/members/teams/uct_csirt
North America,United States of America (the),US,Unified Extensible Firmware Interface Forum Security Team,https://www.first.org/members/teams/uefi_usrt
Africa,Uganda,UG,Uganda Computer Emergency Response Team,https://www.first.org/members/teams/ug-cert
Europe,Norway,NO,University of Oslo Computer Emergency Response Team,https://www.first.org/members/teams/uio-cert
Central America,Mexico,MX,UNAM-CERT,https://www.first.org/members/teams/unam-cert
North America,United States of America (the),US,UNDP ISIRT,https://www.first.org/members/teams/undp_isirt
North America,United States of America (the),US,United Nations International Computing Centre,https://www.first.org/members/teams/unicc
Europe,Norway,NO,Uninett CERT,https://www.first.org/members/teams/uninett_cert
Oceania,New Zealand,NZ,University of Auckland Computer Incident Respsonse Team,https://www.first.org/members/teams/uoa_csirt
North America,United States of America (the),US,U.S. Bank Computer Security Incident Response Team,https://www.first.org/members/teams/usb-csirt
North America,United States of America (the),US,Verisign,https://www.first.org/members/teams/verisign
North America,United States of America (the),US,Verizon Media Computer Security Incident Response Team,https://www.first.org/members/teams/verizon_media_fire
Europe,Spain,ES,Versia-CSIRT,https://www.first.org/members/teams/versia-csirt
Europe,Norway,NO,Visma Cyber Security Incident Response Team / Coordination Center,https://www.first.org/members/teams/visma_csirt-cc
North America,United States of America (the),US,VMware Security Response Center,https://www.first.org/members/teams/vmware
Asia,Vietnam,VN,VNCERT/CC,https://www.first.org/members/teams/vncert
Europe,United Kingdom of Great Britain and Northern Ireland (the),GB,Vodafone-CERT,https://www.first.org/members/teams/vodafone-cert
North America,United States of America (the),US,Verizon Threat Management Center,https://www.first.org/members/teams/vz-tmc
Europe,United Kingdom of Great Britain and Northern Ireland (the),GB,The University of Warwick Computer Security Investigation and Incident Response Team,https://www.first.org/members/teams/war-csiirt
North America,United States of America (the),US,Wells Fargo Security Operation Center(SOC),https://www.first.org/members/teams/wfc_soc
North America,United States of America (the),US,Workday Security Incident Response Team,https://www.first.org/members/teams/workday_sirt
North America,United States of America (the),US,Xilinx Product Security Incident Response Team,https://www.first.org/members/teams/xilinx_psirt
North America,United States of America (the),US,XEROX CSIRT,https://www.first.org/members/teams/xrx
Europe,Italy,IT,Yarix Computer Emergency Response Team,https://www.first.org/members/teams/ycert
Asia,Japan,JP,Yahoo Japan Corp. Computer Security Incident Response Team,https://www.first.org/members/teams/yj-csirt
Europe,Netherlands (the),NL,Stichting Z-CERT,https://www.first.org/members/teams/z-cert
North America,United States of America (the),US,Zendesk,https://www.first.org/members/teams/zendesk_csirt
Africa,Zambia,ZM,Zambia Computer Incident Response Team,https://www.first.org/members/teams/zmcirt
Asia,China,CN,ZTE Product Security Incident Response Team,https://www.first.org/members/teams/zte_psirt
